Company Name,Niche,Location,Occupation of Owner,Owners,Payment Gateway,Pain Points
Paga,Mobile Money & Payments,Lagos,Fintech Entrepreneur,Tayo Oviosu,Interswitch,"Agent network management, Rural accessibility, Transaction failure rates, Fraud prevention, Cash management"
Moniepoint,Business Banking,Lagos,Fintech Entrepreneur,Tosin Eniolorunda,Monnify,"POS terminal reliability, Agent liquidity management, Settlement delays, Fraud prevention, Regulatory compliance"
Kuda Bank,Digital Banking,Lagos,Fintech Entrepreneurs,"Babs Ogundeyi, Musty Mustapha",Interswitch,"Branchless banking challenges, Customer trust and security, High competition, Regulatory compliance, Scalability and infrastructure"
OPay,Mobile Payments,Lagos,Fintech Entrepreneur,Yahui Zhou,Interswitch,"Market penetration challenges, Agent network scaling, Regulatory hurdles, Customer education, Platform stability"
Carbon,Digital Financial Services,Lagos,Fintech Entrepreneurs,"Chijioke Dozie, Ngozi Dozie",Flutterwave,"Credit risk assessment, Loan default rates, Customer verification, Digital lending regulations, Scalability"
Baxi,Payment Solutions,Lagos,Fintech Entrepreneurs,Degbola Abudu,Paystack,"Integration complexity, Merchant onboarding, Transaction routing, Regulatory compliance, Technical support"
Chipper Cash,Cross-border Payments,Lagos,Fintech Entrepreneurs,"Ham Serunjogi, Maijid Moujaled",Flutterwave,"Exchange rate volatility, Cross-border regulatory compliance, Transaction speed, Partner bank integration, Fraud prevention"
PiggyVest,Savings & Investment,Lagos,Fintech Entrepreneurs,"Odunayo Eweniyi, Joshua Chibueze, Somto Ifezue",Flutterwave,"Trust building, Investment product regulation, Customer education, Platform scalability, Payment integration delays"
Cowrywise,Wealth Management,Lagos,Fintech Entrepreneurs,"Edward Popoola, Razaq Ahmed",Flutterwave,"Investment product diversity, Regulatory compliance, Customer trust, Platform stability, Payment processing"
Printivo,Printing Services,Lagos,Entrepreneurs,"Oluyomi Ojo, Wale Ewedemi","Flutterwave, PayPal","Order fulfillment logistics, Payment verification, Delivery coordination, Quality control, Customer support"
Hotels.ng,Travel and Hospitality,Lagos,Entrepreneur,Mark Essien,"Flutterwave, PayPal","Hotel verification, Booking confirmation, Payment reconciliation, Customer support, Fraud prevention"
BuyPower.ng,Utility Payments,Lagos,Entrepreneurs,"Oluwadamilola Oni, Jelili Alabi","Flutterwave, PayPal","Service reliability, Transaction validation, Utility provider integration, Customer support, Payment confirmation"
Eden Life,Lifestyle Services,Lagos,Entrepreneurs,"Nadayar Enegesi, Prosper Otemuyiwa, Akintunde Sultan",Flutterwave,"Service quality control, Scheduling coordination, Payment processing, Customer retention, Operational efficiency"
Thrive Agric,Agritech,Abuja,Agritech Entrepreneurs,"Uka Eje, Ayodeji Arikawe","Flutterwave, Paystack","Farmer verification, Crop yield management, Weather risks, Investment tracking, Payment distribution"
Wallets Africa,Digital Wallets,Lagos,Fintech Entrepreneurs,"John Oke, Wale Adeniyi",Flutterwave,"Cross-border transactions, Regulatory compliance, Platform security, Customer support, Payment processing"
Afriex,Cross-Border Payments,Lagos,Fintech Entrepreneurs,"John Obirije, Tope Alabi",Flutterwave,"Exchange rate management, Regulatory compliance, Transaction speed, Platform stability, Fraud prevention"
Sendbox,Logistics & E-commerce,Lagos,Entrepreneurs,"Emotu Balogun, Olusegun Afolahan",Flutterwave,"Delivery coordination, Payment collection, Merchant onboarding, Tracking systems, Customer support"
Releaf,Agritech,Uyo,Agritech Entrepreneurs,"Ikenna Nzewi, Uzoma Ayogu",Flutterwave,"Supply chain management, Quality control, Payment processing, Farmer coordination, Operational efficiency"
TradeDepot,Retail & Distribution,Lagos,Entrepreneurs,"Onyekachi Izukanne, Michael Ukpong",Flutterwave,"Inventory management, Payment collection, Merchant onboarding, Delivery logistics, Platform stability"
Vendease,Food Supply Chain,Lagos,Entrepreneurs,"Tunde Kara, Gatumi Aliyu",Flutterwave,"Supplier management, Order fulfillment, Payment processing, Quality control, Delivery coordination"
CredPal,Buy Now Pay Later,Lagos,Fintech Entrepreneurs,"Fejiro Hanu Agboje, Oloruntimilehin George",Flutterwave,"Credit risk assessment, Merchant integration, Payment collection, Customer verification, Default management"
Brass,Business Banking,Lagos,Fintech Entrepreneurs,"Solomon Ayodele, Emmanuel Okeke",Flutterwave,"Account management, Payment processing, Business verification, Regulatory compliance, Platform security"
Termii,Communication API,Lagos,Entrepreneurs,"Ayodeji Adewunmi, Emmanuel Gbolade",Flutterwave,"API reliability, Message delivery, Payment processing, Platform stability, Customer support"
Kippa,SME Accounting,Lagos,Entrepreneurs,"Kennedy Ekezie, Duke Ekezie",Flutterwave,"Book-keeping accuracy, Payment tracking, Merchant onboarding, Platform usability, Data security"
Alerzo,Retail & Distribution,Ibadan,Entrepreneur,Adewale Opaleye,Flutterwave,"Inventory management, Payment collection, Merchant onboarding, Delivery logistics, Platform stability"
Farmcrowdy,Agritech,Lagos,Agritech Entrepreneurs,"Onyeka Akumah, Temitope Omotolani",Paystack,"Farmer verification, Investment tracking, Crop yield management, Payment distribution, Platform security"
Kobo360,Logistics,Lagos,Entrepreneurs,"Obi Ozor, Ife Oyedele",Paystack,"Driver management, Delivery tracking, Payment processing, Platform reliability, Operational efficiency"
LifeBank,Healthtech,Lagos,Healthtech Entrepreneur,Temie Giwa-Tubosun,Paystack,"Supply chain management, Emergency response, Hospital coordination, Payment processing, Regulatory compliance"
Schoolable,Edtech,Lagos,Edtech Entrepreneur,Oluwaseun Kayode,Paystack,"Payment collection, School integration, Platform stability, Customer support, Regulatory compliance"
Spleet,Proptech,Lagos,Entrepreneurs,"Akintola Adesanmi, Dolapo Adebayo",Paystack,"Tenant verification, Payment collection, Property management, Platform security, Regulatory compliance"
Konga,E-commerce,Lagos,E-commerce Entrepreneur,Sim Shagaya,"PayPal, KongaPay","Inventory management, Payment processing, Delivery logistics, Customer support, Fraud prevention"
Jumia,E-commerce,Lagos,E-commerce Entrepreneurs,"Sacha Poignonnec, Jeremy Hodara","PayPal, JumiaPay","Logistics management, Payment processing, Merchant verification, Platform stability, Fraud prevention"
Wakanow,Travel & Hospitality,Lagos,Entrepreneur,Obinna Ekezie,PayPal,"Booking confirmation, Payment processing, Customer support, Service reliability, Fraud prevention"
Jiji,Classifieds,Lagos,Entrepreneurs,"Anton Volyansky, Vladimir Mnogoletniy",PayPal,"User verification, Payment processing, Listing management, Fraud prevention, Customer support"
PropertyPro,Proptech,Lagos,Entrepreneurs,"Hakeem Ogunniran, Fikayo Ogundipe",PayPal,"Property verification, Payment processing, Listing management, Platform security, Customer support"
AppZone,Banking Software,Lagos,Fintech Entrepreneurs,"Emeka Emetarom, Obi Emetarom",AppZone,"System integration, Regulatory compliance, Platform stability, Customer support, Payment processing"
Cellulant,Payment Solutions,Lagos,Fintech Entrepreneurs,"Ken Njoroge, Bolaji Akinboro",Cellulant,"Payment processing, Merchant integration, Platform stability, Regulatory compliance, Fraud prevention"
Lidya,Lending,Lagos,Fintech Entrepreneurs,"Tunde Kehinde, Ercin Eksin",Lidya,"Credit assessment, Loan recovery, Regulatory compliance, Platform security, Payment processing"
Mono,Open Banking,Lagos,Fintech Entrepreneurs,"Abdulhamid Hassan, Prakhar Singh",Paystack,"API reliability, Bank integration, Data security, Regulatory compliance, Platform stability"
Chaka,Stock Trading,Lagos,Fintech Entrepreneurs,"Tosin Osibodu, Bo Olajide",Paystack,"Securities regulation, Market access, Payment processing, Customer verification, Platform reliability"
SeamlessHR,HR Tech,Lagos,Entrepreneurs,"Emmanuel Okeleji, Deji Lana",Paystack,"System integration, Data security, Payment processing, Platform scalability, Customer support"
Helium Health,Healthtech,Lagos,Entrepreneurs,"Adegoke Olubusi, Tito Ovia, Dimeji Sofowora",Paystack,"Hospital integration, Data security, Payment processing, Regulatory compliance, Platform stability"
Bamboo,Investment,Lagos,Fintech Entrepreneurs,"Richmond Bassey, Yanmo Omorogbe",Flutterwave,"Securities regulation, Payment processing, Customer verification, Platform stability, Market access"
Patricia,Crypto & Payments,Lagos,Fintech Entrepreneur,Fejiro Hanu Agbodje,Flutterwave,"Regulatory compliance, Payment processing, Crypto volatility, Platform security, Customer support"
Risevest,Investment,Lagos,Fintech Entrepreneurs,"Eke Urum, Tony Odiba",Paystack,"Investment regulation, Payment processing, Customer verification, Platform stability, Market access"
Payourse,Crypto Infrastructure,Lagos,Fintech Entrepreneurs,"Bashir Aminu, John Anisere",Flutterwave,"Regulatory compliance, Platform stability, Payment processing, Crypto volatility, Customer support"
Anchor,Banking-as-a-Service,Lagos,Fintech Entrepreneurs,"Segun Adeyemi, Olamide Sobowale",Paystack,"API reliability, Bank integration, Regulatory compliance, Platform stability, Customer support"
Prospa,Business Banking,Lagos,Fintech Entrepreneurs,"Frederik Obasi, Chioma Ugo",Paystack,"Business verification, Payment processing, Regulatory compliance, Platform stability, Customer support"
Bumpa,E-commerce,Lagos,Entrepreneurs,"Kelvin Umechukwu, Adetunji Opayele",Paystack,"Merchant onboarding, Payment processing, Platform stability, Inventory management, Customer support"
Kwik,Logistics,Lagos,Entrepreneurs,"Romain Poirot-Lellig, Olivier Decrock",Flutterwave,"Delivery coordination, Payment processing, Driver management, Platform stability, Customer support"
Duplo,B2B Payments,Lagos,Fintech Entrepreneurs,"Yele Oyekola, Joshua Akintayo",Paystack,"Payment processing, Business verification, Platform stability, Regulatory compliance, Customer support"
Nomba,Payment Infrastructure,Lagos,Fintech Entrepreneurs,"Adetayo Bamiduro, Damilola Olokesusi",Interswitch,"Terminal management, Payment processing, Merchant onboarding, Platform stability, Customer support"
Bloc,Banking-as-a-Service,Lagos,Fintech Entrepreneurs,"Edmund Olotu, Jessica Anuna",Paystack,"API reliability, Bank integration, Regulatory compliance, Platform stability, Customer support"
Omnibiz,B2B E-commerce,Lagos,Entrepreneurs,"Deepankar Rustagi, Vikram Dasu",Flutterwave,"Inventory management, Payment processing, Merchant onboarding, Delivery logistics, Platform stability"
Pivo,Supply Chain Finance,Lagos,Fintech Entrepreneurs,"Nkiru Amadi-Emina, Ijeoma Akwiwu",Paystack,"Payment processing, Business verification, Supply chain tracking, Platform stability, Customer support"
Sabi,B2B Marketplace,Lagos,Entrepreneurs,"Anu Adasolum, Ademola Adesina",Flutterwave,"Merchant verification, Payment processing, Inventory management, Platform stability, Customer support"
Lifestores Healthcare,Healthtech,Lagos,Entrepreneurs,"Bryan Mezue, Andrew Garza",Paystack,"Pharmacy integration, Inventory management, Payment processing, Platform stability, Regulatory compliance"
Grey,Foreign Exchange,Lagos,Fintech Entrepreneurs,"Idorenyin Obong, Femi Aghedo",Flutterwave,"Exchange rate management, Regulatory compliance, Payment processing, Platform stability, Customer support"
Utiva,EdTech,Lagos,Entrepreneurs,"Eyitayo Ogunmola, Tosin Esuruoso",Paystack,"Course delivery, Payment processing, Student engagement, Platform stability, Content management"
54gene,HealthTech,Lagos,Entrepreneurs,"Abasi Ene-Obong, Damilola Oni",Flutterwave,"Sample management, Regulatory compliance, Payment processing, Data security, Research coordination"
Autochek,Automotive,Lagos,Entrepreneurs,"Etop Ikpe, Iyamu Mohammed",Paystack,"Vehicle verification, Payment processing, Dealer management, Platform stability, Customer support"
Mystore,E-commerce,Lagos,Entrepreneurs,"Kessiena Majemite, Thompson Sola",Flutterwave,"Inventory management, Payment processing, Merchant onboarding, Platform stability, Delivery logistics"
Filmhouse,Entertainment,Lagos,Entrepreneurs,"Kene Mkparu, Moses Babatope",Interswitch,"Ticket processing, Payment integration, Customer experience, Platform stability, Inventory management"
Gokada,Logistics,Lagos,Entrepreneur,Nikhil Goel,Paystack,"Driver management, Payment processing, Delivery tracking, Platform stability, Customer support"
Max.ng,Transportation,Lagos,Entrepreneurs,"Adetayo Bamiduro, Chinedu Azodoh",Flutterwave,"Driver verification, Payment processing, Ride tracking, Platform stability, Customer support"
Helpmum,HealthTech,Lagos,Entrepreneurs,"Abiodun Adereni, Adeyemi Adereni",Paystack,"Healthcare delivery, Payment processing, Patient management, Platform stability, Service coordination"
Bankly,Financial Inclusion,Lagos,Entrepreneurs,"Tomilola Adejana, Frederick Adams",Interswitch,"Agent banking, Payment processing, Cash management, Platform stability, Regulatory compliance"
Nestcoin,Crypto & Web3,Lagos,Entrepreneurs,"Yele Bademosi, Taiwo Orilogbon",Flutterwave,"Regulatory compliance, User education, Trust building, Competition, KYC friction, Platform stability"
Vella Finance,Fintech,Lagos,Entrepreneurs,"Isaac Ewhrudjakpor, Dominic Onyebuchi",Paystack,"Payment processing, Regulatory compliance, Platform stability, User verification, Customer support"
Stears,Business Intelligence,Lagos,Entrepreneurs,"Preston Ideh, Abdul Abdulrahim",Flutterwave,"Content delivery, Payment processing, Platform stability, Data management, Customer support"
Treepz,Transportation,Lagos,Entrepreneurs,"Onyeka Akumah, Johnny Ena",Paystack,"Driver verification, Payment processing, Ride scheduling, Platform stability, Customer support"
HausaFlix,Entertainment,Kano,Entrepreneurs,"Maijidda Modibbo, Jamil Abdussalam",Flutterwave,"Content delivery, Payment processing, Platform stability, User management, Streaming quality"
Edusko,EdTech,Lagos,Entrepreneurs,"Jide Ayegbusi, Femi Shonubi",Paystack,"School verification, Payment processing, Platform stability, Content delivery, Customer support"
Wellvis Health,HealthTech,Lagos,Entrepreneurs,"Wale Adeosun, Segun Dawodu",Flutterwave,"Healthcare delivery, Payment processing, Patient management, Platform stability, Data security"
Indicina,Credit Infrastructure,Lagos,Entrepreneurs,"Yvonne Johnson, Jacob Ayokunle",Paystack,"Credit scoring, Payment processing, Data security, Platform stability, Regulatory compliance"
Klump,Buy Now Pay Later,Lagos,Entrepreneurs,"Celestine Omin, Olufunbi Falayi",Flutterwave,"Credit assessment, Payment processing, Merchant integration, Platform stability, Risk management"
Pledges,Crowdfunding,Lagos,Entrepreneurs,"Dele Akinsade, Samuel Okwuada",Paystack,"Campaign verification, Payment processing, Platform stability, Donor management, Regulatory compliance"
Medplus,HealthTech,Lagos,Entrepreneur,Joke Bakare,Interswitch,"Inventory management, Payment processing, Pharmacy coordination, Platform stability, Regulatory compliance"
Seamless Life,Lifestyle Services,Lagos,Entrepreneurs,"Tomi Ilesanmi, Deji Edwards",Flutterwave,"Service delivery, Payment processing, Vendor management, Platform stability, Customer support"
Mecho Autotech,Automotive,Lagos,Entrepreneurs,"Olusegun Owoade, Ayoola Akinkunmi",Paystack,"Mechanic verification, Payment processing, Service tracking, Platform stability, Quality control"
Reliance HMO,HealthTech,Lagos,Entrepreneurs,"Femi Kuti, Opeyemi Ogundeyi",Flutterwave,"Healthcare coverage, Payment processing, Claims management, Platform stability, Provider network"
Crop2Cash,Agritech,Ibadan,Entrepreneurs,"Michael Ogundare, Emem Essien",Paystack,"Farmer verification, Payment processing, Crop management, Platform stability, Market access"
Bitmama,Crypto & Payments,Lagos,Entrepreneur,Ruth Iselema,Flutterwave,"Regulatory compliance, Payment processing, Platform stability, User verification, Market access"
Kiakia,Lending,Lagos,Entrepreneurs,"Olajide Abiola, Chiemeziem Aneke",Paystack,"Credit assessment, Payment processing, Loan management, Platform stability, Risk management"
Lendsqr,Lending Infrastructure,Lagos,Entrepreneurs,"Adedeji Olowe, Funsho Akande",Flutterwave,"Credit infrastructure, Payment processing, Platform stability, Data security, Regulatory compliance"
Curacel,InsurTech,Lagos,Entrepreneurs,"Henry Mascot, John Dada",Paystack,"Claims processing, Payment processing, Fraud detection, Platform stability, Regulatory compliance"
Norebase,Business Formation,Lagos,Entrepreneurs,"Tola Onayemi, Theo Okelola",Flutterwave,"Company registration, Payment processing, Document management, Platform stability, Compliance"
Flick,Media Distribution,Lagos,Entrepreneurs,"John Obirije, Peace Itimi",Paystack,"Content delivery, Payment processing, Platform stability, Rights management, User engagement"
Carry1st,Gaming,Lagos,Entrepreneurs,"Cordel Robbin-Coker, Lucy Hoffman",Flutterwave,"Payment processing, Game distribution, Platform stability, User engagement, Content management"
Flex Finance,Business Banking,Lagos,Entrepreneurs,"Yemi Olulana, Richard Omoniyi",Paystack,"Payment processing, Business verification, Platform stability, Regulatory compliance, Data security"
TalentQL,Tech Talent,Lagos,Entrepreneurs,"Adewale Yusuf, Opeyemi Awoyemi",Flutterwave,"Talent verification, Payment processing, Platform stability, Recruitment management, Skill assessment"
Octamile,InsurTech,Lagos,Entrepreneurs,"Gbenro Dara, Yemi Osinubi",Paystack,"Insurance processing, Payment processing, Claims management, Platform stability, Risk assessment"
Identitypass,Identity Verification,Lagos,Entrepreneurs,"Lanre Ogungbe, Tolu Adetuyi",Flutterwave,"Identity verification, Payment processing, Data security, Platform stability, Regulatory compliance"
Bitsika,Crypto & Payments,Lagos,Entrepreneurs,"Atsu Davoh, Samuel Boahen",Paystack,"Regulatory compliance, Payment processing, Platform stability, User verification, Market access"
Zeeh Africa,Payment Infrastructure,Lagos,Entrepreneurs,"Damilola Layode, Emmanuel Eze",Flutterwave,"Payment processing, Merchant onboarding, Platform stability, Regulatory compliance, Data security"
Kwaba,Rent Financing,Lagos,Entrepreneurs,"Obinna Molokwu, Chris Onuma",Paystack,"Credit assessment, Payment processing, Tenant verification, Platform stability, Risk management"
Herconomy,Women Banking,Lagos,Entrepreneurs,"Ife Durosinmi-Etti, Herconomy Team",Flutterwave,"Payment processing, Community management, Platform stability, Regulatory compliance, Member support"
Asaak,Asset Financing,Lagos,Entrepreneurs,"Kaivan Sattar, Edward Egwalu",Paystack,"Asset verification, Payment processing, Credit assessment, Platform stability, Risk management"
Sendchamp,Communications API,Lagos,Entrepreneurs,"Oseme Odigie, Damilola Olaniyan",Flutterwave,"Message delivery, Payment processing, Platform stability, API reliability, Customer support"
Zemo,Card Issuing,Lagos,Entrepreneurs,"John Oke, Zemo Team",Paystack,"Card processing, Payment processing, Platform stability, Regulatory compliance, Fraud prevention"
Marketforce,Retail Distribution,Lagos,Entrepreneurs,"Tesh Mbaabu, Mesongo Sibuti",Flutterwave,"Merchant management, Payment processing, Inventory tracking, Platform stability, Order fulfillment"
Topship,Logistics,Lagos,Entrepreneurs,"Moses Enenwali, Topship Team",Paystack,"Shipping coordination, Payment processing, Tracking management, Platform stability, Customs clearance"
Shuttlers,Transportation,Lagos,Entrepreneurs,"Damilola Olokesusi, Shuttlers Team",Flutterwave,"Route management, Payment processing, Ride scheduling, Platform stability, Driver coordination"
HealthTracka,HealthTech,Lagos,Entrepreneurs,"Ifeoluwa Dare-Johnson, Victor Amusan",Paystack,"Health testing, Payment processing, Result management, Platform stability, Regulatory compliance"
Payday,Cross-border Payments,Lagos,Entrepreneurs,"Favour Ori, Payday Team",Flutterwave,"Payment processing, Regulatory compliance, Currency conversion, Platform stability, User verification"
OnePipe,Banking-as-a-Service,Lagos,Entrepreneurs,"Ope Adeoye, OnePipe Team",Paystack,"API integration, Payment processing, Platform stability, Regulatory compliance, Bank partnerships"
Formplus,Digital Forms,Lagos,Entrepreneurs,"Muhammed Abdullahi, Formplus Team",Flutterwave,"Form processing, Payment collection, Data management, Platform stability, User experience"
Syarpa,Wealth Management,Lagos,Entrepreneurs,"Elegbede Samuel, Syarpa Team",Paystack,"Investment management, Payment processing, Portfolio tracking, Platform stability, Regulatory compliance"
Terragon,MarTech,Lagos,Entrepreneurs,"Elo Umeh, Terragon Team",Flutterwave,"Data analytics, Payment processing, Campaign management, Platform stability, Customer insights"
Smile Identity,Identity Verification,Lagos,Entrepreneurs,"Mark Straub, William Bares",Paystack,"Identity verification, Payment processing, Data security, Platform stability, Regulatory compliance"
Breadfast,Food Delivery,Lagos,Entrepreneurs,"Mustafa Amin, Muhammad Habib",Flutterwave,"Order processing, Payment collection, Delivery management, Platform stability, Inventory control"
Evolve Credit,Lending Infrastructure,Lagos,Entrepreneurs,"Akan Nelson, Daniel Osineye",Paystack,"Credit infrastructure, Payment processing, Loan management, Platform stability, Risk assessment"
Periculum,Credit Analysis,Lagos,Entrepreneurs,"Michael Collins, Stephen Kamau",Flutterwave,"Credit scoring, Payment processing, Data analysis, Platform stability, Regulatory compliance"
Bamboo Health,HealthTech,Lagos,Entrepreneurs,"Bukola Abitoye, Bamboo Team",Paystack,"Healthcare delivery, Payment processing, Patient management, Platform stability, Service coordination"
Zuri Health,Telemedicine,Lagos,Entrepreneurs,"Ikechukwu Anoke, Zuri Team",Flutterwave,"Telehealth services, Payment processing, Patient management, Platform stability, Doctor coordination"
Casava,InsurTech,Lagos,Entrepreneurs,"Bode Pedro, Casava Team",Paystack,"Insurance processing, Payment collection, Claims management, Platform stability, Risk assessment"
Power,Energy,Lagos,Entrepreneurs,"Ndubuisi Ekekwe, Power Team",Flutterwave,"Energy distribution, Payment processing, Meter management, Platform stability, Service delivery"
Kennek,SME Banking,Lagos,Entrepreneurs,"Olamide Ogunwale, Kennek Team",Paystack,"Business banking, Payment processing, Account management, Platform stability, Regulatory compliance"
GetEquity,Investment Platform,Lagos,Entrepreneurs,"Jude Dike, William Okafor",Flutterwave,"Investment processing, Payment collection, Portfolio management, Platform stability, Regulatory compliance"
Earnipay,Salary Access,Lagos,Entrepreneurs,"Nonso Onwuzulike, Earnipay Team",Paystack,"Salary processing, Payment disbursement, Employer integration, Platform stability, Risk management"
Kaltani,Recycling Tech,Lagos,Entrepreneurs,"Obi Charles Nnanna, Kaltani Team",Flutterwave,"Recycling management, Payment processing, Waste tracking, Platform stability, Environmental compliance"
Remedial Health,HealthTech,Lagos,Entrepreneurs,"Samuel Okwuada, Victor Benjamin",Paystack,"Healthcare delivery, Payment processing, Inventory management, Platform stability, Regulatory compliance"
Nguvu Health,Mental Health Tech,Lagos,Entrepreneurs,"Joshua Koya, Nguvu Team",Flutterwave,"Mental health services, Payment processing, Patient management, Platform stability, Provider coordination"
Figorr,Financial Advisory,Lagos,Entrepreneurs,"Daniel Osineye, Figorr Team",Paystack,"Advisory services, Payment processing, Client management, Platform stability, Regulatory compliance"
OnePort,Logistics,Lagos,Entrepreneurs,"Hio Sola-Usidame, OnePort Team",Flutterwave,"Logistics management, Payment processing, Shipment tracking, Platform stability, Customs clearance"
Healthtracka,HealthTech,Lagos,Entrepreneurs,"Ifeoluwa Dare-Johnson, Victor Amusan",Paystack,"Health testing, Payment processing, Result management, Platform stability, Regulatory compliance"
Sycamore,Retail Tech,Lagos,Entrepreneurs,"Babatunde Akin-Moses, Sycamore Team",Flutterwave,"Retail management, Payment processing, Inventory control, Platform stability, Merchant support"
Simplifyd,Internet Services,Lagos,Entrepreneurs,"Tomi Amao, Simplifyd Team",Paystack,"Internet provision, Payment processing, Service delivery, Platform stability, Customer support"
Vendease,Food Supply,Lagos,Entrepreneurs,"Tunde Kara, Gatumi Aliyu",Flutterwave,"Supply chain management, Payment processing, Inventory control, Platform stability, Vendor coordination"
Pastel,Business Tools,Lagos,Entrepreneurs,"Abuzar Royesh, Pastel Team",Paystack,"Business solutions, Payment processing, Tool integration, Platform stability, Customer support"
Bridgecard,Card Issuing,Lagos,Entrepreneurs,"Owumi Festus, Bridgecard Team",Flutterwave,"Card processing, Payment management, Platform stability, Regulatory compliance, Fraud prevention"
Shara,Retail Distribution,Lagos,Entrepreneurs,"Avinash Uddaraju, Shara Team",Paystack,"Distribution management, Payment processing, Inventory control, Platform stability, Merchant support"
Swap,Device Trading,Lagos,Entrepreneurs,"Babajide Duroshola, Swap Team",Flutterwave,"Device verification, Payment processing, Trade management, Platform stability, Quality assurance"
Zazuu,Money Transfer,Lagos,Entrepreneurs,"Kay Akinwunmi, Zazuu Team",Paystack,"Transfer processing, Payment management, Rate comparison, Platform stability, Regulatory compliance"
Xend Finance,DeFi,Lagos,Entrepreneurs,"Ugochukwu Aronu, Xend Team",Flutterwave,"DeFi services, Payment processing, Crypto management, Platform stability, Regulatory compliance"
Mintyn,Digital Banking,Lagos,Entrepreneurs,"Oladipo Alakija, Mintyn Team",Paystack,"Banking services, Payment processing, Account management, Platform stability, Regulatory compliance"
Julaya,B2B Payments,Lagos,Entrepreneurs,"Mathias LÃ©opoldie, Julaya Team",Flutterwave,"Payment processing, Business verification, Platform stability, Regulatory compliance, Merchant support"
ILLA,Logistics,Lagos,Entrepreneurs,"Mahmoud ElZomor, ILLA Team",Paystack,"Logistics management, Payment processing, Delivery tracking, Platform stability, Fleet coordination"
Youverify,Identity Verification,Lagos,Entrepreneurs,"Gbenga Odegbami, Youverify Team",Flutterwave,"Identity verification, Payment processing, Data security, Platform stability, Regulatory compliance"